[
  {
    "id": "26c8f4d8-d1d6-4ff1-b1e3-83d99487dfd6",
    "case_id": "a7a9ea4a-e533-47ac-8656-b65f5eac14ea",
    "file_path": "E:\\technologiesnlr-attachments\\code.txt",
    "rel_path": "code.txt",
    "size": 37753,
    "created_time": "2025-10-13T19:46:19.261276+00:00",
    "modified_time": "2025-10-13T19:48:25.669449+00:00",
    "accessed_time": "2025-10-13T19:48:25.669449+00:00",
    "owner": "khiza",
    "file_type": "text/plain",
    "extension": ".txt",
    "sha256": "af770fb5705cc8c2f46e5fb386457b40db44047c2d192aaadf5ce5487422de87",
    "yara_tags": "[]",
    "collected_by": "khiza@DESKTOP-SAMAV2U",
    "collected_at": "2025-10-13T20:18:59.950166+00:00",
    "notes": ""
  },
  {
    "id": "9bd3cd63-a376-4e9d-a873-ef542cdb3af5",
    "case_id": "a7a9ea4a-e533-47ac-8656-b65f5eac14ea",
    "file_path": "E:\\technologiesnlr-attachments\\pa_dia.jpg",
    "rel_path": "pa_dia.jpg",
    "size": 27120,
    "created_time": "2025-10-13T20:15:10.172797+00:00",
    "modified_time": "2025-10-13T20:15:10.852734+00:00",
    "accessed_time": "2025-10-13T20:15:10.852734+00:00",
    "owner": "khiza",
    "file_type": "image/jpeg",
    "extension": ".jpg",
    "sha256": "2fdafd19baa8e17977730d48d8d0fd1322196f697c046b39fdbf747cefedce30",
    "yara_tags": "[]",
    "collected_by": "khiza@DESKTOP-SAMAV2U",
    "collected_at": "2025-10-13T20:19:00.085302+00:00",
    "notes": ""
  },
  {
    "id": "cd56459b-2e3b-4ee3-883d-78c84714a94c",
    "case_id": "a7a9ea4a-e533-47ac-8656-b65f5eac14ea",
    "file_path": "E:\\technologiesnlr-attachments\\requirements.txt",
    "rel_path": "requirements.txt",
    "size": 32,
    "created_time": "2025-10-13T19:45:39.738077+00:00",
    "modified_time": "2025-10-13T14:45:28+00:00",
    "accessed_time": "2025-10-13T20:16:50.833557+00:00",
    "owner": "khiza",
    "file_type": "text/plain",
    "extension": ".txt",
    "sha256": "b68aa864619ddcadd4fca9aed28f8815ecb44096f5e6f2625409e4ef58fb82f4",
    "yara_tags": "[]",
    "collected_by": "khiza@DESKTOP-SAMAV2U",
    "collected_at": "2025-10-13T20:19:00.200159+00:00",
    "notes": ""
  },
  {
    "id": "b558cbf7-6067-465f-ac7a-f5b1b27a9e0e",
    "case_id": "a7a9ea4a-e533-47ac-8656-b65f5eac14ea",
    "file_path": "E:\\technologiesnlr-attachments\\test_evidence\\document1.txt",
    "rel_path": "test_evidence\\document1.txt",
    "size": 48,
    "created_time": "2025-10-13T20:17:40.775045+00:00",
    "modified_time": "2025-10-13T20:17:40.775045+00:00",
    "accessed_time": "2025-10-13T20:17:40.775045+00:00",
    "owner": "khiza",
    "file_type": "text/plain",
    "extension": ".txt",
    "sha256": "8f55d30866915462cba59470ac7998883e0e1950725fb59f1b3a213b692b9902",
    "yara_tags": "[]",
    "collected_by": "khiza@DESKTOP-SAMAV2U",
    "collected_at": "2025-10-13T20:19:00.318201+00:00",
    "notes": ""
  },
  {
    "id": "bcebf8b8-483f-4c62-b3c5-fd7484fa64ec",
    "case_id": "a7a9ea4a-e533-47ac-8656-b65f5eac14ea",
    "file_path": "E:\\technologiesnlr-attachments\\test_evidence\\email.txt",
    "rel_path": "test_evidence\\email.txt",
    "size": 34,
    "created_time": "2025-10-13T20:18:03.719003+00:00",
    "modified_time": "2025-10-13T20:18:03.719997+00:00",
    "accessed_time": "2025-10-13T20:18:03.719997+00:00",
    "owner": "khiza",
    "file_type": "text/plain",
    "extension": ".txt",
    "sha256": "95a7e9a8ac63f5162a8325f6eeac03334635dc5ff9e351889c59430ce2303c6a",
    "yara_tags": "[]",
    "collected_by": "khiza@DESKTOP-SAMAV2U",
    "collected_at": "2025-10-13T20:19:00.432331+00:00",
    "notes": ""
  },
  {
    "id": "77802f0f-1d2e-4072-9003-9180e50db3e6",
    "case_id": "a7a9ea4a-e533-47ac-8656-b65f5eac14ea",
    "file_path": "E:\\technologiesnlr-attachments\\test_evidence\\finance.docx",
    "rel_path": "test_evidence\\finance.docx",
    "size": 40,
    "created_time": "2025-10-13T20:17:53.937931+00:00",
    "modified_time": "2025-10-13T20:17:53.937931+00:00",
    "accessed_time": "2025-10-13T20:17:53.937931+00:00",
    "owner": "khiza",
    "file_type": "application/vnd.openxmlformats-officedocument.wordprocessingml.document",
    "extension": ".docx",
    "sha256": "9e2c8144e9fa6b11a3b14e927772cd250c55c407d5433524e1167a7ccfdde072",
    "yara_tags": "[]",
    "collected_by": "khiza@DESKTOP-SAMAV2U",
    "collected_at": "2025-10-13T20:19:00.549746+00:00",
    "notes": ""
  },
  {
    "id": "0bd064e8-f62e-4809-9151-2bb589ad1da8",
    "case_id": "a7a9ea4a-e533-47ac-8656-b65f5eac14ea",
    "file_path": "E:\\technologiesnlr-attachments\\test_evidence\\notes.pdf",
    "rel_path": "test_evidence\\notes.pdf",
    "size": 26,
    "created_time": "2025-10-13T20:18:15.496324+00:00",
    "modified_time": "2025-10-13T20:18:15.496324+00:00",
    "accessed_time": "2025-10-13T20:18:15.496324+00:00",
    "owner": "khiza",
    "file_type": "application/pdf",
    "extension": ".pdf",
    "sha256": "317a30383da0eea4c69fe97debca57d4fb9bc33e4e2fbca91e6789ff0e101735",
    "yara_tags": "[]",
    "collected_by": "khiza@DESKTOP-SAMAV2U",
    "collected_at": "2025-10-13T20:19:00.664595+00:00",
    "notes": ""
  },
  {
    "id": "83620f9d-26ad-4646-9d32-fa3abaf966e8",
    "case_id": "a7a9ea4a-e533-47ac-8656-b65f5eac14ea",
    "file_path": "E:\\technologiesnlr-attachments\\test_evidence\\photo.jpg",
    "rel_path": "test_evidence\\photo.jpg",
    "size": 34,
    "created_time": "2025-10-13T20:18:22.823245+00:00",
    "modified_time": "2025-10-13T20:18:22.824271+00:00",
    "accessed_time": "2025-10-13T20:18:36.694793+00:00",
    "owner": "khiza",
    "file_type": "image/jpeg",
    "extension": ".jpg",
    "sha256": "3b03675b741d5e8e8769f4c37ccceb616098fe982e06ee1e20b6b05f5b3afc8a",
    "yara_tags": "[]",
    "collected_by": "khiza@DESKTOP-SAMAV2U",
    "collected_at": "2025-10-13T20:19:00.764742+00:00",
    "notes": ""
  },
  {
    "id": "c035f495-9231-4fa9-a530-29f74b9ee882",
    "case_id": "a7a9ea4a-e533-47ac-8656-b65f5eac14ea",
    "file_path": "E:\\technologiesnlr-attachments\\venv\\Lib\\site-packages\\cffi-2.0.0.dist-info\\entry_points.txt",
    "rel_path": "venv\\Lib\\site-packages\\cffi-2.0.0.dist-info\\entry_points.txt",
    "size": 75,
    "created_time": "2025-10-13T20:17:03.552303+00:00",
    "modified_time": "2025-10-13T20:17:03.552303+00:00",
    "accessed_time": "2025-10-13T20:17:03.552303+00:00",
    "owner": "khiza",
    "file_type": "text/plain",
    "extension": ".txt",
    "sha256": "cba8d3c67c9eb8b9cbf9725c0eff2e30bde7eb0c98886460f0c4e9fd0189f47a",
    "yara_tags": "[]",
    "collected_by": "khiza@DESKTOP-SAMAV2U",
    "collected_at": "2025-10-13T20:19:01.000799+00:00",
    "notes": ""
  },
  {
    "id": "29f27a9e-e854-48d8-88d8-4975127da68f",
    "case_id": "a7a9ea4a-e533-47ac-8656-b65f5eac14ea",
    "file_path": "E:\\technologiesnlr-attachments\\venv\\Lib\\site-packages\\cffi-2.0.0.dist-info\\top_level.txt",
    "rel_path": "venv\\Lib\\site-packages\\cffi-2.0.0.dist-info\\top_level.txt",
    "size": 19,
    "created_time": "2025-10-13T20:17:03.552303+00:00",
    "modified_time": "2025-10-13T20:17:03.552303+00:00",
    "accessed_time": "2025-10-13T20:17:03.552303+00:00",
    "owner": "khiza",
    "file_type": "text/plain",
    "extension": ".txt",
    "sha256": "ac4ed6477ad97cd2b1588f7e8e7ea1b0708097b303901f859ae41bc568c57a14",
    "yara_tags": "[]",
    "collected_by": "khiza@DESKTOP-SAMAV2U",
    "collected_at": "2025-10-13T20:19:01.147341+00:00",
    "notes": ""
  },
  {
    "id": "137d084d-6c70-4204-8e98-fa79a680e5ff",
    "case_id": "a7a9ea4a-e533-47ac-8656-b65f5eac14ea",
    "file_path": "E:\\technologiesnlr-attachments\\venv\\Lib\\site-packages\\pip-24.3.1.dist-info\\AUTHORS.txt",
    "rel_path": "venv\\Lib\\site-packages\\pip-24.3.1.dist-info\\AUTHORS.txt",
    "size": 10925,
    "created_time": "2025-10-13T19:55:54.361129+00:00",
    "modified_time": "2025-10-13T19:55:54.361129+00:00",
    "accessed_time": "2025-10-13T19:55:54.361129+00:00",
    "owner": "khiza",
    "file_type": "text/plain",
    "extension": ".txt",
    "sha256": "09b6fadf493c10bf45901cd7f55a62ea1a585ab2d2961d3c797a1d2f9bb478b2",
    "yara_tags": "[]",
    "collected_by": "khiza@DESKTOP-SAMAV2U",
    "collected_at": "2025-10-13T20:19:01.340933+00:00",
    "notes": ""
  },
  {
    "id": "24ea08bd-066c-496c-a826-7573ab12725b",
    "case_id": "a7a9ea4a-e533-47ac-8656-b65f5eac14ea",
    "file_path": "E:\\technologiesnlr-attachments\\venv\\Lib\\site-packages\\pip-24.3.1.dist-info\\entry_points.txt",
    "rel_path": "venv\\Lib\\site-packages\\pip-24.3.1.dist-info\\entry_points.txt",
    "size": 87,
    "created_time": "2025-10-13T19:55:54.361129+00:00",
    "modified_time": "2025-10-13T19:55:54.361129+00:00",
    "accessed_time": "2025-10-13T19:55:54.361129+00:00",
    "owner": "khiza",
    "file_type": "text/plain",
    "extension": ".txt",
    "sha256": "79e223bb37e77d1d8fae16e39dbcc553a327492ef49192f1c1a1c7aba33e6c3d",
    "yara_tags": "[]",
    "collected_by": "khiza@DESKTOP-SAMAV2U",
    "collected_at": "2025-10-13T20:19:01.489081+00:00",
    "notes": ""
  },
  {
    "id": "100654c0-ca43-4c53-b8d2-9bcd89ff8915",
    "case_id": "a7a9ea4a-e533-47ac-8656-b65f5eac14ea",
    "file_path": "E:\\technologiesnlr-attachments\\venv\\Lib\\site-packages\\pip-24.3.1.dist-info\\LICENSE.txt",
    "rel_path": "venv\\Lib\\site-packages\\pip-24.3.1.dist-info\\LICENSE.txt",
    "size": 1093,
    "created_time": "2025-10-13T19:55:54.361129+00:00",
    "modified_time": "2025-10-13T19:55:54.361129+00:00",
    "accessed_time": "2025-10-13T19:55:54.361129+00:00",
    "owner": "khiza",
    "file_type": "text/plain",
    "extension": ".txt",
    "sha256": "634300a669d49aeae65b12c6c48c924c51a4cdf3d1ff086dc3456dc8bcaa2104",
    "yara_tags": "[]",
    "collected_by": "khiza@DESKTOP-SAMAV2U",
    "collected_at": "2025-10-13T20:19:01.668430+00:00",
    "notes": ""
  },
  {
    "id": "3db8c4ef-06f4-4a8b-b206-253c7c82373f",
    "case_id": "a7a9ea4a-e533-47ac-8656-b65f5eac14ea",
    "file_path": "E:\\technologiesnlr-attachments\\venv\\Lib\\site-packages\\pip-24.3.1.dist-info\\top_level.txt",
    "rel_path": "venv\\Lib\\site-packages\\pip-24.3.1.dist-info\\top_level.txt",
    "size": 4,
    "created_time": "2025-10-13T19:55:54.361129+00:00",
    "modified_time": "2025-10-13T19:55:54.361129+00:00",
    "accessed_time": "2025-10-13T19:55:54.361129+00:00",
    "owner": "khiza",
    "file_type": "text/plain",
    "extension": ".txt",
    "sha256": "ceebae7b8927a3227e5303cf5e0f1f7b34bb542ad7250ac03fbcde36ec2f1508",
    "yara_tags": "[]",
    "collected_by": "khiza@DESKTOP-SAMAV2U",
    "collected_at": "2025-10-13T20:19:01.805568+00:00",
    "notes": ""
  },
  {
    "id": "ab4be29a-0370-4b95-97c7-587a8e3d2576",
    "case_id": "a7a9ea4a-e533-47ac-8656-b65f5eac14ea",
    "file_path": "E:\\technologiesnlr-attachments\\venv\\Lib\\site-packages\\pycparser-2.23.dist-info\\top_level.txt",
    "rel_path": "venv\\Lib\\site-packages\\pycparser-2.23.dist-info\\top_level.txt",
    "size": 10,
    "created_time": "2025-10-13T20:17:01.330948+00:00",
    "modified_time": "2025-10-13T20:17:01.330948+00:00",
    "accessed_time": "2025-10-13T20:17:01.330948+00:00",
    "owner": "khiza",
    "file_type": "text/plain",
    "extension": ".txt",
    "sha256": "73e94f712ef82fff0aa07ec813a3d0179a1fca2ad140d57856191b48520f7963",
    "yara_tags": "[]",
    "collected_by": "khiza@DESKTOP-SAMAV2U",
    "collected_at": "2025-10-13T20:19:01.943221+00:00",
    "notes": ""
  },
  {
    "id": "6c30efbf-d635-430a-b4fb-a3e597b8e75d",
    "case_id": "a7a9ea4a-e533-47ac-8656-b65f5eac14ea",
    "file_path": "E:\\technologiesnlr-attachments\\venv\\Lib\\site-packages\\pyyaml-6.0.3.dist-info\\top_level.txt",
    "rel_path": "venv\\Lib\\site-packages\\pyyaml-6.0.3.dist-info\\top_level.txt",
    "size": 11,
    "created_time": "2025-10-13T20:16:58.869294+00:00",
    "modified_time": "2025-10-13T20:16:58.870290+00:00",
    "accessed_time": "2025-10-13T20:16:58.870290+00:00",
    "owner": "khiza",
    "file_type": "text/plain",
    "extension": ".txt",
    "sha256": "ae98f42153138ac02387fd6f1b709c7fdbf98e9090c00cfa703d48554e597614",
    "yara_tags": "[]",
    "collected_by": "khiza@DESKTOP-SAMAV2U",
    "collected_at": "2025-10-13T20:19:02.083451+00:00",
    "notes": ""
  },
  {
    "id": "6ba45b9d-baea-4adf-9d05-1dce657d36f6",
    "case_id": "a7a9ea4a-e533-47ac-8656-b65f5eac14ea",
    "file_path": "E:\\technologiesnlr-attachments\\venv\\Lib\\site-packages\\pip\\_vendor\\vendor.txt",
    "rel_path": "venv\\Lib\\site-packages\\pip\\_vendor\\vendor.txt",
    "size": 332,
    "created_time": "2025-10-13T19:55:53.631688+00:00",
    "modified_time": "2025-10-13T19:55:53.631688+00:00",
    "accessed_time": "2025-10-13T19:55:53.631688+00:00",
    "owner": "khiza",
    "file_type": "text/plain",
    "extension": ".txt",
    "sha256": "e37d79dae0eda6cba7104dbdbe62eaa8a654a2c76b6efcc8164cec70b079e428",
    "yara_tags": "[]",
    "collected_by": "khiza@DESKTOP-SAMAV2U",
    "collected_at": "2025-10-13T20:19:02.243248+00:00",
    "notes": ""
  }
]